,0,1
0,processed_data/embedded_face_val/20180402-114759/valid_face/150/32.png.npy,41 625 963 855
1,processed_data/embedded_face_val/20180402-114759/valid_face/150/32.png.npy,41 625 963 855
2,processed_data/embedded_face_val/20180402-114759/valid_face/150/32.png.npy,41 625 963 855
3,processed_data/embedded_face_val/20180402-114759/valid_face/150/32.png.npy,41 625 963 855
4,processed_data/embedded_face_val/20180402-114759/valid_face/150/32.png.npy,41 963 855 469
5,processed_data/embedded_face_val/20180402-114759/valid_face/150/32.png.npy,41 625 963 855
6,processed_data/embedded_face_val/20180402-114759/valid_face/150/32.png.npy,41 625 963 469
7,processed_data/embedded_face_val/20180402-114759/valid_face/150/32.png.npy,41 855 469 714
8,processed_data/embedded_face_val/20180402-114759/valid_face/150/32.png.npy,41 963 855 469
9,processed_data/embedded_face_val/20180402-114759/valid_face/150/32.png.npy,41 625 963 855
10,processed_data/embedded_face_val/20180402-114759/valid_face/150/32.png.npy,41 625 963 469
11,processed_data/embedded_face_val/20180402-114759/valid_face/150/32.png.npy,41 625 963 855
12,processed_data/embedded_face_val/20180402-114759/valid_face/150/32.png.npy,41 625 963 855
13,processed_data/embedded_face_val/20180402-114759/valid_face/150/32.png.npy,41 625 963 855
14,processed_data/embedded_face_val/20180402-114759/valid_face/150/32.png.npy,41 625 963 855
15,processed_data/embedded_face_val/20180402-114759/valid_face/150/32.png.npy,41 625 963 855
16,processed_data/embedded_face_val/20180402-114759/valid_face/150/32.png.npy,41 625 963 855
17,processed_data/embedded_face_val/20180402-114759/valid_face/150/32.png.npy,41 625 963 469
18,processed_data/embedded_face_val/20180402-114759/valid_face/150/32.png.npy,714 512 885 869
19,processed_data/embedded_face_val/20180402-114759/valid_face/150/32.png.npy,469 512 75 885
20,processed_data/embedded_face_val/20180402-114759/valid_face/150/32.png.npy,963 512 75 885
21,processed_data/embedded_face_val/20180402-114759/valid_face/150/32.png.npy,625 855 714 512
22,processed_data/embedded_face_val/20180402-114759/valid_face/150/32.png.npy,625 855 469 714
23,processed_data/embedded_face_val/20180402-114759/valid_face/150/32.png.npy,41 625 963 855
24,processed_data/embedded_face_val/20180402-114759/valid_face/150/32.png.npy,41 625 963 855
25,processed_data/embedded_face_val/20180402-114759/valid_face/150/32.png.npy,41 625 963 855
26,processed_data/embedded_face_val/20180402-114759/valid_face/150/32.png.npy,41 625 963 855
27,processed_data/embedded_face_val/20180402-114759/valid_face/150/32.png.npy,41 625 963 855
28,processed_data/embedded_face_val/20180402-114759/valid_face/150/32.png.npy,625 963 855 469
29,processed_data/embedded_face_val/20180402-114759/valid_face/150/32.png.npy,41 625 963 855
30,processed_data/embedded_face_val/20180402-114759/valid_face/150/32.png.npy,41 625 963 855
31,processed_data/embedded_face_val/20180402-114759/valid_face/150/32.png.npy,41 625 963 855
32,processed_data/embedded_face_val/20180402-114759/valid_face/150/32.png.npy,41 625 963 855
33,processed_data/embedded_face_val/20180402-114759/valid_face/150/32.png.npy,41 625 963 855
34,processed_data/embedded_face_val/20180402-114759/valid_face/150/32.png.npy,41 625 963 855
35,processed_data/embedded_face_val/20180402-114759/valid_face/150/32.png.npy,41 625 963 855
36,processed_data/embedded_face_val/20180402-114759/valid_face/150/32.png.npy,41 625 963 855
37,processed_data/embedded_face_val/20180402-114759/valid_face/150/32.png.npy,41 625 963 855
38,processed_data/embedded_face_val/20180402-114759/valid_face/150/32.png.npy,41 625 963 855
39,processed_data/embedded_face_val/20180402-114759/valid_face/150/32.png.npy,41 625 963 855
40,processed_data/embedded_face_val/20180402-114759/valid_face/150/32.png.npy,41 625 963 855
41,processed_data/embedded_face_val/20180402-114759/valid_face/150/32.png.npy,41 625 963 855
42,processed_data/embedded_face_val/20180402-114759/valid_face/150/32.png.npy,41 625 963 855
43,processed_data/embedded_face_val/20180402-114759/valid_face/150/32.png.npy,41 625 963 855
44,processed_data/embedded_face_val/20180402-114759/valid_face/150/32.png.npy,41 625 963 855
45,processed_data/embedded_face_val/20180402-114759/valid_face/150/32.png.npy,41 625 963 855
46,processed_data/embedded_face_val/20180402-114759/valid_face/150/32.png.npy,41 625 963 855
47,processed_data/embedded_face_val/20180402-114759/valid_face/150/32.png.npy,41 625 963 855
48,processed_data/embedded_face_val/20180402-114759/valid_face/150/32.png.npy,41 625 963 855
49,processed_data/embedded_face_val/20180402-114759/valid_face/150/32.png.npy,41 625 963 855
50,processed_data/embedded_face_val/20180402-114759/valid_face/150/32.png.npy,41 625 963 855
51,processed_data/embedded_face_val/20180402-114759/valid_face/150/32.png.npy,41 625 963 855
52,processed_data/embedded_face_val/20180402-114759/valid_face/150/32.png.npy,41 625 963 855
53,processed_data/embedded_face_val/20180402-114759/valid_face/150/32.png.npy,41 625 963 855
54,processed_data/embedded_face_val/20180402-114759/valid_face/150/32.png.npy,41 625 963 855
55,processed_data/embedded_face_val/20180402-114759/valid_face/150/32.png.npy,41 625 963 855
56,processed_data/embedded_face_val/20180402-114759/valid_face/150/32.png.npy,41 625 963 855
57,processed_data/embedded_face_val/20180402-114759/valid_face/150/32.png.npy,41 625 963 855
58,processed_data/embedded_face_val/20180402-114759/valid_face/150/32.png.npy,41 625 963 855
59,processed_data/embedded_face_val/20180402-114759/valid_face/150/32.png.npy,41 625 963 855
60,processed_data/embedded_face_val/20180402-114759/valid_face/150/32.png.npy,41 625 963 855
61,processed_data/embedded_face_val/20180402-114759/valid_face/150/32.png.npy,41 625 963 855
62,processed_data/embedded_face_val/20180402-114759/valid_face/150/32.png.npy,41 625 963 855
63,processed_data/embedded_face_val/20180402-114759/valid_face/150/32.png.npy,41 625 963 855
64,processed_data/embedded_face_val/20180402-114759/valid_face/150/32.png.npy,41 625 963 855
65,processed_data/embedded_face_val/20180402-114759/valid_face/150/32.png.npy,41 625 963 855
66,processed_data/embedded_face_val/20180402-114759/valid_face/150/32.png.npy,41 625 963 855
67,processed_data/embedded_face_val/20180402-114759/valid_face/150/32.png.npy,41 625 963 855
68,processed_data/embedded_face_val/20180402-114759/valid_face/150/32.png.npy,41 625 963 855
69,processed_data/embedded_face_val/20180402-114759/valid_face/150/32.png.npy,41 625 963 855
70,processed_data/embedded_face_val/20180402-114759/valid_face/150/32.png.npy,41 625 963 855
71,processed_data/embedded_face_val/20180402-114759/valid_face/150/32.png.npy,41 625 963 855
72,processed_data/embedded_face_val/20180402-114759/valid_face/150/32.png.npy,41 625 963 855
73,processed_data/embedded_face_val/20180402-114759/valid_face/150/32.png.npy,41 625 963 855
74,processed_data/embedded_face_val/20180402-114759/valid_face/150/32.png.npy,41 625 963 855
75,processed_data/embedded_face_val/20180402-114759/valid_face/150/32.png.npy,41 625 963 855
76,processed_data/embedded_face_val/20180402-114759/valid_face/150/32.png.npy,41 625 963 855
77,processed_data/embedded_face_val/20180402-114759/valid_face/150/32.png.npy,41 625 963 855
78,processed_data/embedded_face_val/20180402-114759/valid_face/150/32.png.npy,41 625 963 855
79,processed_data/embedded_face_val/20180402-114759/valid_face/150/32.png.npy,41 625 963 855
80,processed_data/embedded_face_val/20180402-114759/valid_face/150/32.png.npy,41 625 963 855
81,processed_data/embedded_face_val/20180402-114759/valid_face/150/32.png.npy,41 625 963 855
82,processed_data/embedded_face_val/20180402-114759/valid_face/150/32.png.npy,41 625 963 855
83,processed_data/embedded_face_val/20180402-114759/valid_face/150/32.png.npy,41 625 963 855
84,processed_data/embedded_face_val/20180402-114759/valid_face/150/32.png.npy,41 625 963 855
85,processed_data/embedded_face_val/20180402-114759/valid_face/150/32.png.npy,41 625 963 855
86,processed_data/embedded_face_val/20180402-114759/valid_face/150/32.png.npy,41 625 963 855
87,processed_data/embedded_face_val/20180402-114759/valid_face/150/32.png.npy,41 625 855 469
88,processed_data/embedded_face_val/20180402-114759/valid_face/150/32.png.npy,41 625 855 469
89,processed_data/embedded_face_val/20180402-114759/valid_face/150/32.png.npy,41 625 963 855
90,processed_data/embedded_face_val/20180402-114759/valid_face/150/32.png.npy,41 625 855 469
91,processed_data/embedded_face_val/20180402-114759/valid_face/150/32.png.npy,41 625 963 855
92,processed_data/embedded_face_val/20180402-114759/valid_face/150/32.png.npy,41 625 963 855
93,processed_data/embedded_face_val/20180402-114759/valid_face/150/32.png.npy,41 625 963 855
94,processed_data/embedded_face_val/20180402-114759/valid_face/150/32.png.npy,41 625 963 855
95,processed_data/embedded_face_val/20180402-114759/valid_face/150/32.png.npy,41 963 855 469
96,processed_data/embedded_face_val/20180402-114759/valid_face/150/32.png.npy,41 963 855 469
97,processed_data/embedded_face_val/20180402-114759/valid_face/150/32.png.npy,41 963 855 469
98,processed_data/embedded_face_val/20180402-114759/valid_face/150/32.png.npy,41 625 963 855
99,processed_data/embedded_face_val/20180402-114759/valid_face/150/32.png.npy,41 963 855 469
100,processed_data/embedded_face_val/20180402-114759/valid_face/150/32.png.npy,41 963 855 469
101,processed_data/embedded_face_val/20180402-114759/valid_face/150/32.png.npy,41 963 855 469
102,processed_data/embedded_face_val/20180402-114759/valid_face/150/32.png.npy,41 963 855 469
103,processed_data/embedded_face_val/20180402-114759/valid_face/150/32.png.npy,41 963 855 469
104,processed_data/embedded_face_val/20180402-114759/valid_face/150/32.png.npy,41 963 855 469
105,processed_data/embedded_face_val/20180402-114759/valid_face/150/32.png.npy,41 625 963 855
106,processed_data/embedded_face_val/20180402-114759/valid_face/150/32.png.npy,41 625 963 855
107,processed_data/embedded_face_val/20180402-114759/valid_face/150/32.png.npy,41 625 963 855
108,processed_data/embedded_face_val/20180402-114759/valid_face/150/32.png.npy,41 625 963 855
109,processed_data/embedded_face_val/20180402-114759/valid_face/150/32.png.npy,41 625 963 855
110,processed_data/embedded_face_val/20180402-114759/valid_face/150/32.png.npy,41 625 963 855
111,processed_data/embedded_face_val/20180402-114759/valid_face/150/32.png.npy,41 625 963 855
112,processed_data/embedded_face_val/20180402-114759/valid_face/150/32.png.npy,41 625 963 855
113,processed_data/embedded_face_val/20180402-114759/valid_face/150/32.png.npy,41 625 963 855
114,processed_data/embedded_face_val/20180402-114759/valid_face/150/32.png.npy,41 625 963 855
115,processed_data/embedded_face_val/20180402-114759/valid_face/150/32.png.npy,41 625 963 855
116,processed_data/embedded_face_val/20180402-114759/valid_face/150/32.png.npy,41 625 963 855
117,processed_data/embedded_face_val/20180402-114759/valid_face/150/32.png.npy,41 625 963 469
118,processed_data/embedded_face_val/20180402-114759/valid_face/150/32.png.npy,41 625 963 469
119,processed_data/embedded_face_val/20180402-114759/valid_face/150/32.png.npy,41 625 855 469
120,processed_data/embedded_face_val/20180402-114759/valid_face/150/32.png.npy,41 625 469 75
121,processed_data/embedded_face_val/20180402-114759/valid_face/150/32.png.npy,41 625 963 469
122,processed_data/embedded_face_val/20180402-114759/valid_face/150/32.png.npy,41 625 469 75
123,processed_data/embedded_face_val/20180402-114759/valid_face/150/32.png.npy,41 855 714 512
124,processed_data/embedded_face_val/20180402-114759/valid_face/150/32.png.npy,41 855 714 512
125,processed_data/embedded_face_val/20180402-114759/valid_face/150/32.png.npy,41 855 714 512
126,processed_data/embedded_face_val/20180402-114759/valid_face/150/32.png.npy,41 855 714 512
127,processed_data/embedded_face_val/20180402-114759/valid_face/150/32.png.npy,714 512 885 869
128,processed_data/embedded_face_val/20180402-114759/valid_face/150/32.png.npy,714 512 75 885
129,processed_data/embedded_face_val/20180402-114759/valid_face/150/32.png.npy,714 512 75 885
130,processed_data/embedded_face_val/20180402-114759/valid_face/150/32.png.npy,714 512 75 885
131,processed_data/embedded_face_val/20180402-114759/valid_face/150/32.png.npy,625 855 512 75
132,processed_data/embedded_face_val/20180402-114759/valid_face/150/32.png.npy,625 963 855 469
133,processed_data/embedded_face_val/20180402-114759/valid_face/150/32.png.npy,41 625 963 855
134,processed_data/embedded_face_val/20180402-114759/valid_face/150/32.png.npy,41 625 963 855
135,processed_data/embedded_face_val/20180402-114759/valid_face/150/32.png.npy,41 625 963 855
136,processed_data/embedded_face_val/20180402-114759/valid_face/150/32.png.npy,41 625 963 855
137,processed_data/embedded_face_val/20180402-114759/valid_face/150/32.png.npy,41 625 963 855
138,processed_data/embedded_face_val/20180402-114759/valid_face/150/32.png.npy,41 625 963 855
139,processed_data/embedded_face_val/20180402-114759/valid_face/150/32.png.npy,41 625 963 855
140,processed_data/embedded_face_val/20180402-114759/valid_face/150/32.png.npy,41 625 963 855
141,processed_data/embedded_face_val/20180402-114759/valid_face/150/32.png.npy,41 625 963 855
142,processed_data/embedded_face_val/20180402-114759/valid_face/150/32.png.npy,41 625 963 855
143,processed_data/embedded_face_val/20180402-114759/valid_face/150/32.png.npy,41 625 963 855
144,processed_data/embedded_face_val/20180402-114759/valid_face/150/32.png.npy,41 625 963 855
145,processed_data/embedded_face_val/20180402-114759/valid_face/150/32.png.npy,41 625 963 855
146,processed_data/embedded_face_val/20180402-114759/valid_face/150/32.png.npy,41 625 963 855
147,processed_data/embedded_face_val/20180402-114759/valid_face/150/32.png.npy,41 625 963 855
148,processed_data/embedded_face_val/20180402-114759/valid_face/150/32.png.npy,41 625 963 855
149,processed_data/embedded_face_val/20180402-114759/valid_face/150/32.png.npy,41 625 963 855
150,processed_data/embedded_face_val/20180402-114759/valid_face/150/32.png.npy,41 625 963 855
151,processed_data/embedded_face_val/20180402-114759/valid_face/150/32.png.npy,41 625 963 855
152,processed_data/embedded_face_val/20180402-114759/valid_face/150/32.png.npy,41 625 963 855
153,processed_data/embedded_face_val/20180402-114759/valid_face/150/32.png.npy,41 625 963 855
154,processed_data/embedded_face_val/20180402-114759/valid_face/150/32.png.npy,41 625 963 855
155,processed_data/embedded_face_val/20180402-114759/valid_face/150/32.png.npy,41 625 963 855
156,processed_data/embedded_face_val/20180402-114759/valid_face/150/32.png.npy,41 625 963 855
157,processed_data/embedded_face_val/20180402-114759/valid_face/150/32.png.npy,41 625 963 855
158,processed_data/embedded_face_val/20180402-114759/valid_face/150/32.png.npy,41 625 963 855
159,processed_data/embedded_face_val/20180402-114759/valid_face/150/32.png.npy,41 625 963 855
160,processed_data/embedded_face_val/20180402-114759/valid_face/150/32.png.npy,41 625 963 855
161,processed_data/embedded_face_val/20180402-114759/valid_face/150/32.png.npy,41 625 963 855
162,processed_data/embedded_face_val/20180402-114759/valid_face/150/32.png.npy,41 625 963 855
163,processed_data/embedded_face_val/20180402-114759/valid_face/150/32.png.npy,41 625 963 855
164,processed_data/embedded_face_val/20180402-114759/valid_face/150/32.png.npy,41 625 963 855
165,processed_data/embedded_face_val/20180402-114759/valid_face/150/32.png.npy,41 625 963 855
166,processed_data/embedded_face_val/20180402-114759/valid_face/150/32.png.npy,41 625 963 855
167,processed_data/embedded_face_val/20180402-114759/valid_face/150/32.png.npy,41 625 963 855
168,processed_data/embedded_face_val/20180402-114759/valid_face/150/32.png.npy,41 625 963 855
169,processed_data/embedded_face_val/20180402-114759/valid_face/150/32.png.npy,41 625 963 855
170,processed_data/embedded_face_val/20180402-114759/valid_face/150/32.png.npy,41 625 963 855
171,processed_data/embedded_face_val/20180402-114759/valid_face/150/32.png.npy,41 625 963 855
172,processed_data/embedded_face_val/20180402-114759/valid_face/150/32.png.npy,41 963 855 469
173,processed_data/embedded_face_val/20180402-114759/valid_face/150/32.png.npy,41 625 963 855
174,processed_data/embedded_face_val/20180402-114759/valid_face/150/32.png.npy,41 625 963 469
175,processed_data/embedded_face_val/20180402-114759/valid_face/150/32.png.npy,41 855 469 714
176,processed_data/embedded_face_val/20180402-114759/valid_face/150/32.png.npy,41 963 855 469
177,processed_data/embedded_face_val/20180402-114759/valid_face/150/32.png.npy,41 625 963 855
178,processed_data/embedded_face_val/20180402-114759/valid_face/150/32.png.npy,41 625 963 469
179,processed_data/embedded_face_val/20180402-114759/valid_face/150/32.png.npy,41 625 963 855
180,processed_data/embedded_face_val/20180402-114759/valid_face/150/32.png.npy,41 625 963 855
181,processed_data/embedded_face_val/20180402-114759/valid_face/150/32.png.npy,41 625 963 855
182,processed_data/embedded_face_val/20180402-114759/valid_face/150/32.png.npy,41 625 963 855
183,processed_data/embedded_face_val/20180402-114759/valid_face/150/32.png.npy,41 625 963 855
184,processed_data/embedded_face_val/20180402-114759/valid_face/150/32.png.npy,41 625 963 855
185,processed_data/embedded_face_val/20180402-114759/valid_face/150/32.png.npy,41 625 963 469
186,processed_data/embedded_face_val/20180402-114759/valid_face/150/32.png.npy,714 512 885 869
187,processed_data/embedded_face_val/20180402-114759/valid_face/150/32.png.npy,469 512 75 885
188,processed_data/embedded_face_val/20180402-114759/valid_face/150/32.png.npy,963 512 75 885
189,processed_data/embedded_face_val/20180402-114759/valid_face/150/32.png.npy,625 855 714 512
190,processed_data/embedded_face_val/20180402-114759/valid_face/150/32.png.npy,625 855 469 714
191,processed_data/embedded_face_val/20180402-114759/valid_face/150/32.png.npy,41 625 963 855
192,processed_data/embedded_face_val/20180402-114759/valid_face/150/32.png.npy,41 625 963 855
193,processed_data/embedded_face_val/20180402-114759/valid_face/150/32.png.npy,41 625 963 855
194,processed_data/embedded_face_val/20180402-114759/valid_face/150/32.png.npy,41 625 963 855
195,processed_data/embedded_face_val/20180402-114759/valid_face/150/32.png.npy,41 625 963 855
196,processed_data/embedded_face_val/20180402-114759/valid_face/150/32.png.npy,625 963 855 469
197,processed_data/embedded_face_val/20180402-114759/valid_face/150/32.png.npy,41 625 963 855
198,processed_data/embedded_face_val/20180402-114759/valid_face/150/32.png.npy,41 625 963 855
199,processed_data/embedded_face_val/20180402-114759/valid_face/150/32.png.npy,41 625 963 855
200,processed_data/embedded_face_val/20180402-114759/valid_face/150/32.png.npy,41 625 963 855
201,processed_data/embedded_face_val/20180402-114759/valid_face/150/32.png.npy,41 625 963 855
202,processed_data/embedded_face_val/20180402-114759/valid_face/150/32.png.npy,41 625 963 855
203,processed_data/embedded_face_val/20180402-114759/valid_face/150/32.png.npy,41 625 963 855
204,processed_data/embedded_face_val/20180402-114759/valid_face/150/32.png.npy,41 625 963 855
205,processed_data/embedded_face_val/20180402-114759/valid_face/150/32.png.npy,41 625 963 855
206,processed_data/embedded_face_val/20180402-114759/valid_face/150/32.png.npy,41 625 963 855
207,processed_data/embedded_face_val/20180402-114759/valid_face/150/32.png.npy,41 625 963 855
208,processed_data/embedded_face_val/20180402-114759/valid_face/150/32.png.npy,41 625 963 855
209,processed_data/embedded_face_val/20180402-114759/valid_face/150/32.png.npy,41 625 963 855
210,processed_data/embedded_face_val/20180402-114759/valid_face/150/32.png.npy,41 625 963 855
211,processed_data/embedded_face_val/20180402-114759/valid_face/150/32.png.npy,41 625 963 855
212,processed_data/embedded_face_val/20180402-114759/valid_face/150/32.png.npy,41 625 963 855
213,processed_data/embedded_face_val/20180402-114759/valid_face/150/32.png.npy,41 625 963 855
214,processed_data/embedded_face_val/20180402-114759/valid_face/150/32.png.npy,41 625 963 855
215,processed_data/embedded_face_val/20180402-114759/valid_face/150/32.png.npy,41 625 963 855
216,processed_data/embedded_face_val/20180402-114759/valid_face/150/32.png.npy,41 625 963 855
217,processed_data/embedded_face_val/20180402-114759/valid_face/150/32.png.npy,41 625 963 855
218,processed_data/embedded_face_val/20180402-114759/valid_face/150/32.png.npy,41 625 963 855
219,processed_data/embedded_face_val/20180402-114759/valid_face/150/32.png.npy,41 625 963 855
220,processed_data/embedded_face_val/20180402-114759/valid_face/150/32.png.npy,41 625 963 855
221,processed_data/embedded_face_val/20180402-114759/valid_face/150/32.png.npy,41 625 963 855
222,processed_data/embedded_face_val/20180402-114759/valid_face/150/32.png.npy,41 625 963 855
223,processed_data/embedded_face_val/20180402-114759/valid_face/150/32.png.npy,41 625 963 855
224,processed_data/embedded_face_val/20180402-114759/valid_face/150/32.png.npy,41 625 963 855
225,processed_data/embedded_face_val/20180402-114759/valid_face/150/32.png.npy,41 625 963 855
226,processed_data/embedded_face_val/20180402-114759/valid_face/150/32.png.npy,41 625 963 855
227,processed_data/embedded_face_val/20180402-114759/valid_face/150/32.png.npy,41 625 963 855
228,processed_data/embedded_face_val/20180402-114759/valid_face/150/32.png.npy,41 625 963 855
229,processed_data/embedded_face_val/20180402-114759/valid_face/150/32.png.npy,41 625 963 855
230,processed_data/embedded_face_val/20180402-114759/valid_face/150/32.png.npy,41 625 963 855
231,processed_data/embedded_face_val/20180402-114759/valid_face/150/32.png.npy,41 625 963 855
232,processed_data/embedded_face_val/20180402-114759/valid_face/150/32.png.npy,41 625 963 855
233,processed_data/embedded_face_val/20180402-114759/valid_face/150/32.png.npy,41 625 963 855
234,processed_data/embedded_face_val/20180402-114759/valid_face/150/32.png.npy,41 625 963 855
235,processed_data/embedded_face_val/20180402-114759/valid_face/150/32.png.npy,41 625 963 855
236,processed_data/embedded_face_val/20180402-114759/valid_face/150/32.png.npy,41 625 963 855
237,processed_data/embedded_face_val/20180402-114759/valid_face/150/32.png.npy,41 625 963 855
238,processed_data/embedded_face_val/20180402-114759/valid_face/150/32.png.npy,41 625 963 855
239,processed_data/embedded_face_val/20180402-114759/valid_face/150/32.png.npy,41 625 963 855
240,processed_data/embedded_face_val/20180402-114759/valid_face/150/32.png.npy,41 625 963 855
241,processed_data/embedded_face_val/20180402-114759/valid_face/150/32.png.npy,41 625 963 855
242,processed_data/embedded_face_val/20180402-114759/valid_face/150/32.png.npy,41 625 963 855
243,processed_data/embedded_face_val/20180402-114759/valid_face/150/32.png.npy,41 625 963 855
244,processed_data/embedded_face_val/20180402-114759/valid_face/150/32.png.npy,41 625 963 855
245,processed_data/embedded_face_val/20180402-114759/valid_face/150/32.png.npy,41 625 963 855
246,processed_data/embedded_face_val/20180402-114759/valid_face/150/32.png.npy,41 625 963 855
247,processed_data/embedded_face_val/20180402-114759/valid_face/150/32.png.npy,41 625 963 855
248,processed_data/embedded_face_val/20180402-114759/valid_face/150/32.png.npy,41 625 963 855
249,processed_data/embedded_face_val/20180402-114759/valid_face/150/32.png.npy,41 625 963 855
250,processed_data/embedded_face_val/20180402-114759/valid_face/150/32.png.npy,41 625 963 855
251,processed_data/embedded_face_val/20180402-114759/valid_face/150/32.png.npy,41 625 963 855
252,processed_data/embedded_face_val/20180402-114759/valid_face/150/32.png.npy,41 625 963 855
253,processed_data/embedded_face_val/20180402-114759/valid_face/150/32.png.npy,41 625 963 855
254,processed_data/embedded_face_val/20180402-114759/valid_face/150/32.png.npy,41 625 963 855
255,processed_data/embedded_face_val/20180402-114759/valid_face/150/32.png.npy,41 625 855 469
256,processed_data/embedded_face_val/20180402-114759/valid_face/150/32.png.npy,41 625 855 469
257,processed_data/embedded_face_val/20180402-114759/valid_face/150/32.png.npy,41 625 963 855
258,processed_data/embedded_face_val/20180402-114759/valid_face/150/32.png.npy,41 625 855 469
259,processed_data/embedded_face_val/20180402-114759/valid_face/150/32.png.npy,41 625 963 855
260,processed_data/embedded_face_val/20180402-114759/valid_face/150/32.png.npy,41 625 963 855
261,processed_data/embedded_face_val/20180402-114759/valid_face/150/32.png.npy,41 625 963 855
262,processed_data/embedded_face_val/20180402-114759/valid_face/150/32.png.npy,41 625 963 855
263,processed_data/embedded_face_val/20180402-114759/valid_face/150/32.png.npy,41 963 855 469
264,processed_data/embedded_face_val/20180402-114759/valid_face/150/32.png.npy,41 963 855 469
265,processed_data/embedded_face_val/20180402-114759/valid_face/150/32.png.npy,41 963 855 469
266,processed_data/embedded_face_val/20180402-114759/valid_face/150/32.png.npy,41 625 963 855
267,processed_data/embedded_face_val/20180402-114759/valid_face/150/32.png.npy,41 963 855 469
268,processed_data/embedded_face_val/20180402-114759/valid_face/150/32.png.npy,41 963 855 469
269,processed_data/embedded_face_val/20180402-114759/valid_face/150/32.png.npy,41 963 855 469
270,processed_data/embedded_face_val/20180402-114759/valid_face/150/32.png.npy,41 963 855 469
271,processed_data/embedded_face_val/20180402-114759/valid_face/150/32.png.npy,41 963 855 469
272,processed_data/embedded_face_val/20180402-114759/valid_face/150/32.png.npy,41 963 855 469
273,processed_data/embedded_face_val/20180402-114759/valid_face/150/32.png.npy,41 625 963 855
274,processed_data/embedded_face_val/20180402-114759/valid_face/150/32.png.npy,41 625 963 855
275,processed_data/embedded_face_val/20180402-114759/valid_face/150/32.png.npy,41 625 963 855
276,processed_data/embedded_face_val/20180402-114759/valid_face/150/32.png.npy,41 625 963 855
277,processed_data/embedded_face_val/20180402-114759/valid_face/150/32.png.npy,41 625 963 855
278,processed_data/embedded_face_val/20180402-114759/valid_face/150/32.png.npy,41 625 963 855
279,processed_data/embedded_face_val/20180402-114759/valid_face/150/32.png.npy,41 625 963 855
280,processed_data/embedded_face_val/20180402-114759/valid_face/150/32.png.npy,41 625 963 855
281,processed_data/embedded_face_val/20180402-114759/valid_face/150/32.png.npy,41 625 963 855
282,processed_data/embedded_face_val/20180402-114759/valid_face/150/32.png.npy,41 625 963 855
283,processed_data/embedded_face_val/20180402-114759/valid_face/150/32.png.npy,41 625 963 855
284,processed_data/embedded_face_val/20180402-114759/valid_face/150/32.png.npy,41 625 963 855
285,processed_data/embedded_face_val/20180402-114759/valid_face/150/32.png.npy,41 625 963 469
286,processed_data/embedded_face_val/20180402-114759/valid_face/150/32.png.npy,41 625 963 469
287,processed_data/embedded_face_val/20180402-114759/valid_face/150/32.png.npy,41 625 855 469
288,processed_data/embedded_face_val/20180402-114759/valid_face/150/32.png.npy,41 625 469 75
289,processed_data/embedded_face_val/20180402-114759/valid_face/150/32.png.npy,41 625 963 469
290,processed_data/embedded_face_val/20180402-114759/valid_face/150/32.png.npy,41 625 469 75
291,processed_data/embedded_face_val/20180402-114759/valid_face/150/32.png.npy,41 855 714 512
292,processed_data/embedded_face_val/20180402-114759/valid_face/150/32.png.npy,41 855 714 512
293,processed_data/embedded_face_val/20180402-114759/valid_face/150/32.png.npy,41 855 714 512
294,processed_data/embedded_face_val/20180402-114759/valid_face/150/32.png.npy,41 855 714 512
295,processed_data/embedded_face_val/20180402-114759/valid_face/150/32.png.npy,714 512 885 869
296,processed_data/embedded_face_val/20180402-114759/valid_face/150/32.png.npy,714 512 75 885
297,processed_data/embedded_face_val/20180402-114759/valid_face/150/32.png.npy,714 512 75 885
298,processed_data/embedded_face_val/20180402-114759/valid_face/150/32.png.npy,714 512 75 885
299,processed_data/embedded_face_val/20180402-114759/valid_face/150/32.png.npy,625 855 512 75
300,processed_data/embedded_face_val/20180402-114759/valid_face/150/32.png.npy,625 963 855 469
301,processed_data/embedded_face_val/20180402-114759/valid_face/150/32.png.npy,41 625 963 855
302,processed_data/embedded_face_val/20180402-114759/valid_face/150/32.png.npy,41 625 963 855
303,processed_data/embedded_face_val/20180402-114759/valid_face/150/32.png.npy,41 625 963 855
304,processed_data/embedded_face_val/20180402-114759/valid_face/150/32.png.npy,41 625 963 855
305,processed_data/embedded_face_val/20180402-114759/valid_face/150/32.png.npy,41 625 963 855
306,processed_data/embedded_face_val/20180402-114759/valid_face/150/32.png.npy,41 625 963 855
307,processed_data/embedded_face_val/20180402-114759/valid_face/150/32.png.npy,41 625 963 855
308,processed_data/embedded_face_val/20180402-114759/valid_face/150/32.png.npy,41 625 963 855
309,processed_data/embedded_face_val/20180402-114759/valid_face/150/32.png.npy,41 625 963 855
310,processed_data/embedded_face_val/20180402-114759/valid_face/150/32.png.npy,41 625 963 855
311,processed_data/embedded_face_val/20180402-114759/valid_face/150/32.png.npy,41 625 963 855
312,processed_data/embedded_face_val/20180402-114759/valid_face/150/32.png.npy,41 625 963 855
313,processed_data/embedded_face_val/20180402-114759/valid_face/150/32.png.npy,41 625 963 855
314,processed_data/embedded_face_val/20180402-114759/valid_face/150/32.png.npy,41 625 963 855
315,processed_data/embedded_face_val/20180402-114759/valid_face/150/32.png.npy,41 625 963 855
316,processed_data/embedded_face_val/20180402-114759/valid_face/150/32.png.npy,41 625 963 855
317,processed_data/embedded_face_val/20180402-114759/valid_face/150/32.png.npy,41 625 963 855
318,processed_data/embedded_face_val/20180402-114759/valid_face/150/32.png.npy,41 625 963 855
319,processed_data/embedded_face_val/20180402-114759/valid_face/150/32.png.npy,41 625 963 855
320,processed_data/embedded_face_val/20180402-114759/valid_face/150/32.png.npy,41 625 963 855
321,processed_data/embedded_face_val/20180402-114759/valid_face/150/32.png.npy,41 625 963 855
322,processed_data/embedded_face_val/20180402-114759/valid_face/150/32.png.npy,41 625 963 855
323,processed_data/embedded_face_val/20180402-114759/valid_face/150/32.png.npy,41 625 963 855
324,processed_data/embedded_face_val/20180402-114759/valid_face/150/32.png.npy,41 625 963 855
325,processed_data/embedded_face_val/20180402-114759/valid_face/150/32.png.npy,41 625 963 855
326,processed_data/embedded_face_val/20180402-114759/valid_face/150/32.png.npy,41 625 963 855
327,processed_data/embedded_face_val/20180402-114759/valid_face/150/32.png.npy,41 625 963 855
328,processed_data/embedded_face_val/20180402-114759/valid_face/150/32.png.npy,41 625 963 855
329,processed_data/embedded_face_val/20180402-114759/valid_face/150/32.png.npy,41 625 963 855
330,processed_data/embedded_face_val/20180402-114759/valid_face/150/32.png.npy,41 625 963 855
331,processed_data/embedded_face_val/20180402-114759/valid_face/150/32.png.npy,41 625 963 855
332,processed_data/embedded_face_val/20180402-114759/valid_face/150/32.png.npy,41 625 963 855
333,processed_data/embedded_face_val/20180402-114759/valid_face/150/32.png.npy,41 625 963 855
334,processed_data/embedded_face_val/20180402-114759/valid_face/150/32.png.npy,41 625 963 855
335,processed_data/embedded_face_val/20180402-114759/valid_face/150/32.png.npy,41 625 963 855
336,processed_data/embedded_face_val/20180402-114759/valid_face/150/32.png.npy,41 625 963 855
337,processed_data/embedded_face_val/20180402-114759/valid_face/150/32.png.npy,41 625 963 855
338,processed_data/embedded_face_val/20180402-114759/valid_face/150/32.png.npy,41 625 963 855
339,processed_data/embedded_face_val/20180402-114759/valid_face/150/32.png.npy,41 625 963 855
340,processed_data/embedded_face_val/20180402-114759/valid_face/150/32.png.npy,41 963 855 469
341,processed_data/embedded_face_val/20180402-114759/valid_face/150/32.png.npy,41 625 963 855
342,processed_data/embedded_face_val/20180402-114759/valid_face/150/32.png.npy,41 625 963 469
343,processed_data/embedded_face_val/20180402-114759/valid_face/150/32.png.npy,41 855 469 714
344,processed_data/embedded_face_val/20180402-114759/valid_face/150/32.png.npy,41 963 855 469
345,processed_data/embedded_face_val/20180402-114759/valid_face/150/32.png.npy,41 625 963 855
346,processed_data/embedded_face_val/20180402-114759/valid_face/150/32.png.npy,41 625 963 469
347,processed_data/embedded_face_val/20180402-114759/valid_face/150/32.png.npy,41 625 963 855
348,processed_data/embedded_face_val/20180402-114759/valid_face/150/32.png.npy,41 625 963 855
349,processed_data/embedded_face_val/20180402-114759/valid_face/150/32.png.npy,41 625 963 855
350,processed_data/embedded_face_val/20180402-114759/valid_face/150/32.png.npy,41 625 963 855
351,processed_data/embedded_face_val/20180402-114759/valid_face/150/32.png.npy,41 625 963 855
352,processed_data/embedded_face_val/20180402-114759/valid_face/150/32.png.npy,41 625 963 855
353,processed_data/embedded_face_val/20180402-114759/valid_face/150/32.png.npy,41 625 963 469
354,processed_data/embedded_face_val/20180402-114759/valid_face/150/32.png.npy,714 512 885 869
355,processed_data/embedded_face_val/20180402-114759/valid_face/150/32.png.npy,469 512 75 885
356,processed_data/embedded_face_val/20180402-114759/valid_face/150/32.png.npy,963 512 75 885
357,processed_data/embedded_face_val/20180402-114759/valid_face/150/32.png.npy,625 855 714 512
358,processed_data/embedded_face_val/20180402-114759/valid_face/150/32.png.npy,625 855 469 714
359,processed_data/embedded_face_val/20180402-114759/valid_face/150/32.png.npy,41 625 963 855
360,processed_data/embedded_face_val/20180402-114759/valid_face/150/32.png.npy,41 625 963 855
361,processed_data/embedded_face_val/20180402-114759/valid_face/150/32.png.npy,41 625 963 855
362,processed_data/embedded_face_val/20180402-114759/valid_face/150/32.png.npy,41 625 963 855
363,processed_data/embedded_face_val/20180402-114759/valid_face/150/32.png.npy,41 625 963 855
364,processed_data/embedded_face_val/20180402-114759/valid_face/150/32.png.npy,625 963 855 469
365,processed_data/embedded_face_val/20180402-114759/valid_face/150/32.png.npy,41 625 963 855
366,processed_data/embedded_face_val/20180402-114759/valid_face/150/32.png.npy,41 625 963 855
367,processed_data/embedded_face_val/20180402-114759/valid_face/150/32.png.npy,41 625 963 855
368,processed_data/embedded_face_val/20180402-114759/valid_face/150/32.png.npy,41 625 963 855
369,processed_data/embedded_face_val/20180402-114759/valid_face/150/32.png.npy,41 625 963 855
370,processed_data/embedded_face_val/20180402-114759/valid_face/150/32.png.npy,41 625 963 855
371,processed_data/embedded_face_val/20180402-114759/valid_face/150/32.png.npy,41 625 963 855
372,processed_data/embedded_face_val/20180402-114759/valid_face/150/32.png.npy,41 625 963 855
373,processed_data/embedded_face_val/20180402-114759/valid_face/150/32.png.npy,41 625 963 855
374,processed_data/embedded_face_val/20180402-114759/valid_face/150/32.png.npy,41 625 963 855
375,processed_data/embedded_face_val/20180402-114759/valid_face/150/32.png.npy,41 625 963 855
376,processed_data/embedded_face_val/20180402-114759/valid_face/150/32.png.npy,41 625 963 855
377,processed_data/embedded_face_val/20180402-114759/valid_face/150/32.png.npy,41 625 963 855
378,processed_data/embedded_face_val/20180402-114759/valid_face/150/32.png.npy,41 625 963 855
379,processed_data/embedded_face_val/20180402-114759/valid_face/150/32.png.npy,41 625 963 855
380,processed_data/embedded_face_val/20180402-114759/valid_face/150/32.png.npy,41 625 963 855
381,processed_data/embedded_face_val/20180402-114759/valid_face/150/32.png.npy,41 625 963 855
382,processed_data/embedded_face_val/20180402-114759/valid_face/150/32.png.npy,41 625 963 855
383,processed_data/embedded_face_val/20180402-114759/valid_face/150/32.png.npy,41 625 963 855
384,processed_data/embedded_face_val/20180402-114759/valid_face/150/32.png.npy,41 625 963 855
385,processed_data/embedded_face_val/20180402-114759/valid_face/150/32.png.npy,41 625 963 855
386,processed_data/embedded_face_val/20180402-114759/valid_face/150/32.png.npy,41 625 963 855
387,processed_data/embedded_face_val/20180402-114759/valid_face/150/32.png.npy,41 625 963 855
388,processed_data/embedded_face_val/20180402-114759/valid_face/150/32.png.npy,41 625 963 855
389,processed_data/embedded_face_val/20180402-114759/valid_face/150/32.png.npy,41 625 963 855
390,processed_data/embedded_face_val/20180402-114759/valid_face/150/32.png.npy,41 625 963 855
391,processed_data/embedded_face_val/20180402-114759/valid_face/150/32.png.npy,41 625 963 855
392,processed_data/embedded_face_val/20180402-114759/valid_face/150/32.png.npy,41 625 963 855
393,processed_data/embedded_face_val/20180402-114759/valid_face/150/32.png.npy,41 625 963 855
394,processed_data/embedded_face_val/20180402-114759/valid_face/150/32.png.npy,41 625 963 855
395,processed_data/embedded_face_val/20180402-114759/valid_face/150/32.png.npy,41 625 963 855
396,processed_data/embedded_face_val/20180402-114759/valid_face/150/32.png.npy,41 625 963 855
397,processed_data/embedded_face_val/20180402-114759/valid_face/150/32.png.npy,41 625 963 855
398,processed_data/embedded_face_val/20180402-114759/valid_face/150/32.png.npy,41 625 963 855
399,processed_data/embedded_face_val/20180402-114759/valid_face/150/32.png.npy,41 625 963 855
400,processed_data/embedded_face_val/20180402-114759/valid_face/150/32.png.npy,41 625 963 855
401,processed_data/embedded_face_val/20180402-114759/valid_face/150/32.png.npy,41 625 963 855
402,processed_data/embedded_face_val/20180402-114759/valid_face/150/32.png.npy,41 625 963 855
403,processed_data/embedded_face_val/20180402-114759/valid_face/150/32.png.npy,41 625 963 855
404,processed_data/embedded_face_val/20180402-114759/valid_face/150/32.png.npy,41 625 963 855
405,processed_data/embedded_face_val/20180402-114759/valid_face/150/32.png.npy,41 625 963 855
406,processed_data/embedded_face_val/20180402-114759/valid_face/150/32.png.npy,41 625 963 855
407,processed_data/embedded_face_val/20180402-114759/valid_face/150/32.png.npy,41 625 963 855
408,processed_data/embedded_face_val/20180402-114759/valid_face/150/32.png.npy,41 625 963 855
409,processed_data/embedded_face_val/20180402-114759/valid_face/150/32.png.npy,41 625 963 855
410,processed_data/embedded_face_val/20180402-114759/valid_face/150/32.png.npy,41 625 963 855
411,processed_data/embedded_face_val/20180402-114759/valid_face/150/32.png.npy,41 625 963 855
412,processed_data/embedded_face_val/20180402-114759/valid_face/150/32.png.npy,41 625 963 855
413,processed_data/embedded_face_val/20180402-114759/valid_face/150/32.png.npy,41 625 963 855
414,processed_data/embedded_face_val/20180402-114759/valid_face/150/32.png.npy,41 625 963 855
415,processed_data/embedded_face_val/20180402-114759/valid_face/150/32.png.npy,41 625 963 855
416,processed_data/embedded_face_val/20180402-114759/valid_face/150/32.png.npy,41 625 963 855
417,processed_data/embedded_face_val/20180402-114759/valid_face/150/32.png.npy,41 625 963 855
418,processed_data/embedded_face_val/20180402-114759/valid_face/150/32.png.npy,41 625 963 855
419,processed_data/embedded_face_val/20180402-114759/valid_face/150/32.png.npy,41 625 963 855
420,processed_data/embedded_face_val/20180402-114759/valid_face/150/32.png.npy,41 625 963 855
421,processed_data/embedded_face_val/20180402-114759/valid_face/150/32.png.npy,41 625 963 855
422,processed_data/embedded_face_val/20180402-114759/valid_face/150/32.png.npy,41 625 963 855
423,processed_data/embedded_face_val/20180402-114759/valid_face/150/32.png.npy,41 625 855 469
424,processed_data/embedded_face_val/20180402-114759/valid_face/150/32.png.npy,41 625 855 469
425,processed_data/embedded_face_val/20180402-114759/valid_face/150/32.png.npy,41 625 963 855
426,processed_data/embedded_face_val/20180402-114759/valid_face/150/32.png.npy,41 625 855 469
427,processed_data/embedded_face_val/20180402-114759/valid_face/150/32.png.npy,41 625 963 855
428,processed_data/embedded_face_val/20180402-114759/valid_face/150/32.png.npy,41 625 963 855
429,processed_data/embedded_face_val/20180402-114759/valid_face/150/32.png.npy,41 625 963 855
430,processed_data/embedded_face_val/20180402-114759/valid_face/150/32.png.npy,41 625 963 855
431,processed_data/embedded_face_val/20180402-114759/valid_face/150/32.png.npy,41 963 855 469
432,processed_data/embedded_face_val/20180402-114759/valid_face/150/32.png.npy,41 963 855 469
433,processed_data/embedded_face_val/20180402-114759/valid_face/150/32.png.npy,41 963 855 469
434,processed_data/embedded_face_val/20180402-114759/valid_face/150/32.png.npy,41 625 963 855
435,processed_data/embedded_face_val/20180402-114759/valid_face/150/32.png.npy,41 963 855 469
436,processed_data/embedded_face_val/20180402-114759/valid_face/150/32.png.npy,41 963 855 469
437,processed_data/embedded_face_val/20180402-114759/valid_face/150/32.png.npy,41 963 855 469
438,processed_data/embedded_face_val/20180402-114759/valid_face/150/32.png.npy,41 963 855 469
439,processed_data/embedded_face_val/20180402-114759/valid_face/150/32.png.npy,41 963 855 469
440,processed_data/embedded_face_val/20180402-114759/valid_face/150/32.png.npy,41 963 855 469
441,processed_data/embedded_face_val/20180402-114759/valid_face/150/32.png.npy,41 625 963 855
442,processed_data/embedded_face_val/20180402-114759/valid_face/150/32.png.npy,41 625 963 855
443,processed_data/embedded_face_val/20180402-114759/valid_face/150/32.png.npy,41 625 963 855
444,processed_data/embedded_face_val/20180402-114759/valid_face/150/32.png.npy,41 625 963 855
445,processed_data/embedded_face_val/20180402-114759/valid_face/150/32.png.npy,41 625 963 855
446,processed_data/embedded_face_val/20180402-114759/valid_face/150/32.png.npy,41 625 963 855
447,processed_data/embedded_face_val/20180402-114759/valid_face/150/32.png.npy,41 625 963 855
448,processed_data/embedded_face_val/20180402-114759/valid_face/150/32.png.npy,41 625 963 855
449,processed_data/embedded_face_val/20180402-114759/valid_face/150/32.png.npy,41 625 963 855
450,processed_data/embedded_face_val/20180402-114759/valid_face/150/32.png.npy,41 625 963 855
451,processed_data/embedded_face_val/20180402-114759/valid_face/150/32.png.npy,41 625 963 855
452,processed_data/embedded_face_val/20180402-114759/valid_face/150/32.png.npy,41 625 963 855
453,processed_data/embedded_face_val/20180402-114759/valid_face/150/32.png.npy,41 625 963 469
454,processed_data/embedded_face_val/20180402-114759/valid_face/150/32.png.npy,41 625 963 469
455,processed_data/embedded_face_val/20180402-114759/valid_face/150/32.png.npy,41 625 855 469
456,processed_data/embedded_face_val/20180402-114759/valid_face/150/32.png.npy,41 625 469 75
457,processed_data/embedded_face_val/20180402-114759/valid_face/150/32.png.npy,41 625 963 469
458,processed_data/embedded_face_val/20180402-114759/valid_face/150/32.png.npy,41 625 469 75
459,processed_data/embedded_face_val/20180402-114759/valid_face/150/32.png.npy,41 855 714 512
460,processed_data/embedded_face_val/20180402-114759/valid_face/150/32.png.npy,41 855 714 512
461,processed_data/embedded_face_val/20180402-114759/valid_face/150/32.png.npy,41 855 714 512
462,processed_data/embedded_face_val/20180402-114759/valid_face/150/32.png.npy,41 855 714 512
463,processed_data/embedded_face_val/20180402-114759/valid_face/150/32.png.npy,714 512 885 869
464,processed_data/embedded_face_val/20180402-114759/valid_face/150/32.png.npy,714 512 75 885
465,processed_data/embedded_face_val/20180402-114759/valid_face/150/32.png.npy,714 512 75 885
466,processed_data/embedded_face_val/20180402-114759/valid_face/150/32.png.npy,714 512 75 885
467,processed_data/embedded_face_val/20180402-114759/valid_face/150/32.png.npy,625 855 512 75
468,processed_data/embedded_face_val/20180402-114759/valid_face/150/32.png.npy,625 963 855 469
469,processed_data/embedded_face_val/20180402-114759/valid_face/150/32.png.npy,41 625 963 855
470,processed_data/embedded_face_val/20180402-114759/valid_face/150/32.png.npy,41 625 963 855
471,processed_data/embedded_face_val/20180402-114759/valid_face/150/32.png.npy,41 625 963 855
472,processed_data/embedded_face_val/20180402-114759/valid_face/150/32.png.npy,41 625 963 855
473,processed_data/embedded_face_val/20180402-114759/valid_face/150/32.png.npy,41 625 963 855
474,processed_data/embedded_face_val/20180402-114759/valid_face/150/32.png.npy,41 625 963 855
475,processed_data/embedded_face_val/20180402-114759/valid_face/150/32.png.npy,41 625 963 855
476,processed_data/embedded_face_val/20180402-114759/valid_face/150/32.png.npy,41 625 963 855
477,processed_data/embedded_face_val/20180402-114759/valid_face/150/32.png.npy,41 625 963 855
478,processed_data/embedded_face_val/20180402-114759/valid_face/150/32.png.npy,41 625 963 855
479,processed_data/embedded_face_val/20180402-114759/valid_face/150/32.png.npy,41 625 963 855
480,processed_data/embedded_face_val/20180402-114759/valid_face/150/32.png.npy,41 625 963 855
481,processed_data/embedded_face_val/20180402-114759/valid_face/150/32.png.npy,41 625 963 855
482,processed_data/embedded_face_val/20180402-114759/valid_face/150/32.png.npy,41 625 963 855
483,processed_data/embedded_face_val/20180402-114759/valid_face/150/32.png.npy,41 625 963 855
484,processed_data/embedded_face_val/20180402-114759/valid_face/150/32.png.npy,41 625 963 855
485,processed_data/embedded_face_val/20180402-114759/valid_face/150/32.png.npy,41 625 963 855
486,processed_data/embedded_face_val/20180402-114759/valid_face/150/32.png.npy,41 625 963 855
487,processed_data/embedded_face_val/20180402-114759/valid_face/150/32.png.npy,41 625 963 855
488,processed_data/embedded_face_val/20180402-114759/valid_face/150/32.png.npy,41 625 963 855
489,processed_data/embedded_face_val/20180402-114759/valid_face/150/32.png.npy,41 625 963 855
490,processed_data/embedded_face_val/20180402-114759/valid_face/150/32.png.npy,41 625 963 855
491,processed_data/embedded_face_val/20180402-114759/valid_face/150/32.png.npy,41 625 963 855
492,processed_data/embedded_face_val/20180402-114759/valid_face/150/32.png.npy,41 625 963 855
493,processed_data/embedded_face_val/20180402-114759/valid_face/150/32.png.npy,41 625 963 855
494,processed_data/embedded_face_val/20180402-114759/valid_face/150/32.png.npy,41 625 963 855
495,processed_data/embedded_face_val/20180402-114759/valid_face/150/32.png.npy,41 625 963 855
496,processed_data/embedded_face_val/20180402-114759/valid_face/150/32.png.npy,41 625 963 855
497,processed_data/embedded_face_val/20180402-114759/valid_face/150/32.png.npy,41 625 963 855
498,processed_data/embedded_face_val/20180402-114759/valid_face/150/32.png.npy,41 625 963 855
499,processed_data/embedded_face_val/20180402-114759/valid_face/150/32.png.npy,41 625 963 855
500,processed_data/embedded_face_val/20180402-114759/valid_face/150/32.png.npy,41 625 963 855
501,processed_data/embedded_face_val/20180402-114759/valid_face/150/32.png.npy,41 625 963 855
502,processed_data/embedded_face_val/20180402-114759/valid_face/150/32.png.npy,41 625 963 855
